exhibit,file,taken,size_bytes,sha256,status
A,IMG_2214.HEIC,2025-04-12T19:48:00,2201984,9c41a0e7,attached
E,IMG_3391.HEIC,2025-11-03T20:44:00,1887436,6f1b74dd,attached
G,IMG_4820.HEIC,2026-07-09T01:42:00,2516582,51e7bb08,attached
H,IMG_4821.HEIC,2026-07-09T01:44:00,2411724,c93d20a6,attached
I,IMG_4822.HEIC,2026-07-09T01:45:00,2306867,1d64f7ba,attached
J,IMG_4823.HEIC,2026-07-09T01:46:00,2621440,withheld,withheld child present
K,IMG_1324.PNG,2026-09-25T11:28:00,701853,f8146ce6,attached
L,IMG_1328.PNG,2026-09-25T11:34:00,378395,2fbedc27,attached
M,IMG_1325.JPG,2026-09-25T22:10:00,183018,8b5b0ef2,attached
N,IMG_1326.JPG,2026-09-25T09:22:00,194559,c093305d,attached
O,IMG_1327.JPG,2026-09-25T09:24:00,163968,4e0f52ab,attached
-,IMG_1323.PNG,2026-09-25T11:26:00,746055,3c5b87fb,read and left out
